time,x,y,z,vx,vy,vz,ax,ay,az
0.16,3.9232,4.0,0.0,0.0,0.0,0.0,0.0,0.0,0.0
0.33,3.8382,4.0,0.0,-0.4999999999999998,0.0,0.0,-2.9411764705882337,0.0,0.0
0.49,3.7582,4.0,0.0,-0.5000000000000004,0.0,0.0,-4.163336342344337e-15,0.0,0.0
0.65,3.6782,4.0,0.0,-0.5000000000000004,0.0,0.0,0.0,0.0,0.0
0.81,3.5982,4.0,0.0,-0.5000000000000004,0.0,0.0,0.0,0.0,0.0
0.9800000000000001,3.5132,4.0,0.0,-0.4999999999999998,0.0,0.0,3.9184342045593755e-15,0.0,0.0
1.1400000000000001,3.4332,4.0,0.0,-0.5000000000000004,0.0,0.0,-4.163336342344337e-15,0.0,0.0
1.31,3.3482,4.0,0.0,-0.4999999999999998,0.0,0.0,3.9184342045593755e-15,0.0,0.0
1.47,3.2681999999999998,4.0,0.0,-0.5000000000000004,0.0,0.0,-4.163336342344337e-15,0.0,0.0
1.63,3.1881999999999997,4.0,0.0,-0.5000000000000004,0.0,0.0,0.0,0.0,0.0
1.7899999999999998,3.1081999999999996,4.0,0.0,-0.5000000000000004,0.0,0.0,0.0,0.0,0.0
1.9499999999999997,3.0281999999999996,4.0,0.0,-0.5000000000000004,0.0,0.0,0.0,0.0,0.0
2.11,2.9481999999999995,4.0,0.0,-0.5000000000000004,0.0,0.0,0.0,0.0,0.0
2.27,2.8681999999999994,4.0,0.0,-0.5000000000000004,0.0,0.0,0.0,0.0,0.0
2.44,2.7831999999999995,4.0,0.0,-0.4999999999999998,0.0,0.0,3.9184342045593755e-15,0.0,0.0
2.6,2.7031999999999994,4.0,0.0,-0.5000000000000004,0.0,0.0,-4.163336342344337e-15,0.0,0.0
2.7600000000000002,2.6231999999999993,4.0,0.0,-0.5000000000000004,0.0,0.0,0.0,0.0,0.0
2.9200000000000004,2.5431999999999992,4.0,0.0,-0.5000000000000004,0.0,0.0,0.0,0.0,0.0
3.0800000000000005,2.463199999999999,4.0,0.0,-0.5000000000000004,0.0,0.0,0.0,0.0,0.0
3.2400000000000007,2.459999999999999,4.0,0.0,-0.020000000000000573,0.0,0.0,2.999999999999999,0.0,0.0
3.4100000000000006,2.543299999999999,4.0,0.0,0.48999999999999955,0.0,0.0,3.0000000000000004,0.0,0.0
3.5700000000000007,2.544899999999999,4.0,0.0,0.009999999999998899,0.0,0.0,-3.000000000000004,0.0,0.0
3.730000000000001,2.4696999999999987,4.0,0.0,-0.470000000000001,0.0,0.0,-2.999999999999999,0.0,0.0
3.890000000000001,2.4712999999999985,4.0,0.0,0.009999999999998899,0.0,0.0,2.999999999999999,0.0,0.0
4.050000000000001,2.5496999999999983,4.0,0.0,0.48999999999999877,0.0,0.0,2.999999999999999,0.0,0.0
4.210000000000001,2.551299999999998,4.0,0.0,0.009999999999998899,0.0,0.0,-2.999999999999999,0.0,0.0
4.370000000000001,2.476099999999998,4.0,0.0,-0.470000000000001,0.0,0.0,-2.999999999999999,0.0,0.0
4.530000000000001,2.477699999999998,4.0,0.0,0.009999999999998899,0.0,0.0,2.999999999999999,0.0,0.0
4.690000000000001,2.5560999999999976,4.0,0.0,0.48999999999999877,0.0,0.0,2.999999999999999,0.0,0.0
4.860000000000001,2.5526999999999975,4.0,0.0,-0.02000000000000041,0.0,0.0,-2.999999999999995,0.0,0.0
5.020000000000001,2.4726999999999975,4.0,0.0,-0.5000000000000004,0.0,0.0,-3.0,0.0,0.0
5.1800000000000015,2.4694999999999974,4.0,0.0,-0.020000000000000573,0.0,0.0,2.999999999999999,0.0,0.0
5.340000000000002,2.5430999999999973,4.0,0.0,0.4599999999999993,0.0,0.0,2.999999999999999,0.0,0.0
5.500000000000002,2.539899999999997,4.0,0.0,-0.020000000000000573,0.0,0.0,-2.999999999999999,0.0,0.0
5.670000000000002,2.454899999999997,4.0,0.0,-0.4999999999999998,0.0,0.0,-2.823529411764701,0.0,0.0
5.830000000000002,2.451699999999997,4.0,0.0,-0.020000000000000573,0.0,0.0,2.999999999999995,0.0,0.0
5.990000000000002,2.525299999999997,4.0,0.0,0.4599999999999993,0.0,0.0,2.999999999999999,0.0,0.0
6.150000000000002,2.522099999999997,4.0,0.0,-0.020000000000000573,0.0,0.0,-2.999999999999999,0.0,0.0
6.310000000000002,2.442099999999997,4.0,0.0,-0.5000000000000004,0.0,0.0,-2.999999999999999,0.0,0.0
6.470000000000002,2.4388999999999967,4.0,0.0,-0.020000000000000573,0.0,0.0,2.999999999999999,0.0,0.0
6.630000000000003,2.5124999999999966,4.0,0.0,0.4599999999999993,0.0,0.0,2.999999999999999,0.0,0.0
6.790000000000003,2.5092999999999965,4.0,0.0,-0.020000000000000573,0.0,0.0,-2.999999999999999,0.0,0.0
6.950000000000003,2.4636040000000143,4.0,0.0,-0.2855999999998887,0.0,0.0,-1.659999999999301,0.0,0.0
7.110000000000003,2.494708000000032,4.0,0.0,0.19440000000011115,0.0,0.0,2.999999999999999,0.0,0.0
7.270000000000003,2.503140639999857,4.0,0.0,0.052703999998904294,0.0,0.0,-0.8856000000075428,0.0,0.0
7.430000000000003,2.482000979200695,4.0,0.0,-0.13212287999476158,0.0,0.0,-1.1551679999604116,0.0,0.0
7.590000000000003,2.537661318401533,4.0,0.0,0.3478771200052383,0.0,0.0,2.999999999999999,0.0,0.0
7.7500000000000036,2.5165216576023712,4.0,0.0,-0.13212287999476158,0.0,0.0,-2.999999999999999,0.0,0.0
7.910000000000004,2.4446145671577275,4.0,0.0,-0.44941931527902323,0.0,0.0,-1.9831027205266354,0.0,0.0
8.070000000000004,2.4495074767130838,4.0,0.0,0.030580684720976636,0.0,0.0,2.999999999999999,0.0,0.0
8.230000000000004,2.529507476713084,4.0,0.0,0.5000000000000004,0.0,0.0,2.9338707204938985,0.0,0.0
8.390000000000004,2.532707476713084,4.0,0.0,0.020000000000000573,0.0,0.0,-2.999999999999999,0.0,0.0
8.560000000000004,2.449407476713084,4.0,0.0,-0.48999999999999955,0.0,0.0,-3.0000000000000004,0.0,0.0
8.730000000000004,2.452807476713084,4.0,0.0,0.02000000000000041,0.0,0.0,3.0,0.0,0.0
8.890000000000004,2.532807476713084,4.0,0.0,0.5000000000000004,0.0,0.0,3.0,0.0,0.0
9.050000000000004,2.5360074767130842,4.0,0.0,0.020000000000000573,0.0,0.0,-2.999999999999999,0.0,0.0
9.210000000000004,2.4624074767130844,4.0,0.0,-0.4599999999999993,0.0,0.0,-2.999999999999999,0.0,0.0
9.380000000000004,2.4709074767130845,4.0,0.0,0.05000000000000102,0.0,0.0,3.0000000000000018,0.0,0.0
9.540000000000004,2.5509074767130846,4.0,0.0,0.5000000000000004,0.0,0.0,2.812499999999996,0.0,0.0
9.700000000000005,2.5541074767130847,4.0,0.0,0.020000000000000573,0.0,0.0,-2.999999999999999,0.0,0.0
9.860000000000005,2.480507476713085,4.0,0.0,-0.4599999999999993,0.0,0.0,-2.999999999999999,0.0,0.0
10.030000000000005,2.489007476713085,4.0,0.0,0.05000000000000102,0.0,0.0,3.0000000000000018,0.0,0.0
10.200000000000005,2.5465942613114536,4.0,0.0,0.3387457917551096,0.0,0.0,1.6985046573829914,0.0,0.0
10.370000000000005,2.5174810459098222,4.0,0.0,-0.17125420824489038,0.0,0.0,-3.0,0.0,0.0
10.530000000000005,2.444418494843042,4.0,0.0,-0.45664094416737744,0.0,0.0,-1.7836670995155444,0.0,0.0
10.690000000000005,2.4481559437762614,4.0,0.0,0.023359055832622433,0.0,0.0,2.999999999999999,0.0,0.0
10.850000000000005,2.5281559437762615,4.0,0.0,0.5000000000000004,0.0,0.0,2.9790059010461123,0.0,0.0
11.010000000000005,2.5313559437762616,4.0,0.0,0.020000000000000573,0.0,0.0,-2.999999999999999,0.0,0.0
11.170000000000005,2.4577559437762617,4.0,0.0,-0.4599999999999993,0.0,0.0,-2.999999999999999,0.0,0.0
11.340000000000005,2.466255943776262,4.0,0.0,0.05000000000000102,0.0,0.0,3.0000000000000018,0.0,0.0
11.500000000000005,2.546255943776262,4.0,0.0,0.5000000000000004,0.0,0.0,2.812499999999996,0.0,0.0
11.660000000000005,2.549455943776262,4.0,0.0,0.020000000000000573,0.0,0.0,-2.999999999999999,0.0,0.0
11.820000000000006,2.475855943776262,4.0,0.0,-0.4599999999999993,0.0,0.0,-2.999999999999999,0.0,0.0
11.990000000000006,2.4843559437762623,4.0,0.0,0.05000000000000102,0.0,0.0,3.0000000000000018,0.0,0.0
12.150000000000006,2.559653511641799,4.0,0.0,0.47060979915960477,0.0,0.0,2.6288112447475234,0.0,0.0
12.320000000000006,2.552957177498932,4.0,0.0,-0.039390200840393914,0.0,0.0,-2.999999999999992,0.0,0.0
12.480000000000006,2.472957177498932,4.0,0.0,-0.5000000000000004,0.0,0.0,-2.8788112447475407,0.0,0.0
12.640000000000006,2.469757177498932,4.0,0.0,-0.020000000000000573,0.0,0.0,2.999999999999999,0.0,0.0
12.800000000000006,2.543357177498932,4.0,0.0,0.4599999999999993,0.0,0.0,2.999999999999999,0.0,0.0
12.960000000000006,2.5401571774989318,4.0,0.0,-0.020000000000000573,0.0,0.0,-2.999999999999999,0.0,0.0
13.120000000000006,2.4601571774989317,4.0,0.0,-0.5000000000000004,0.0,0.0,-2.999999999999999,0.0,0.0
13.280000000000006,2.4569571774989316,4.0,0.0,-0.020000000000000573,0.0,0.0,2.999999999999999,0.0,0.0
13.450000000000006,2.5402571774989315,4.0,0.0,0.48999999999999955,0.0,0.0,3.0000000000000004,0.0,0.0
13.620000000000006,2.5368571774989315,4.0,0.0,-0.02000000000000041,0.0,0.0,-3.0,0.0,0.0
13.790000000000006,2.4518571774989315,4.0,0.0,-0.4999999999999998,0.0,0.0,-2.823529411764702,0.0,0.0
13.950000000000006,2.4486571774989314,4.0,0.0,-0.020000000000000573,0.0,0.0,2.999999999999995,0.0,0.0
14.120000000000006,2.5319571774989313,4.0,0.0,0.48999999999999955,0.0,0.0,3.0000000000000004,0.0,0.0
14.280000000000006,2.533557177498931,4.0,0.0,0.009999999999998899,0.0,0.0,-3.000000000000004,0.0,0.0
14.440000000000007,2.458357177498931,4.0,0.0,-0.470000000000001,0.0,0.0,-2.999999999999999,0.0,0.0
14.600000000000007,2.459957177498931,4.0,0.0,0.009999999999998899,0.0,0.0,2.999999999999999,0.0,0.0
14.760000000000007,2.5383571774989306,4.0,0.0,0.48999999999999877,0.0,0.0,2.999999999999999,0.0,0.0
14.920000000000007,2.5399571774989305,4.0,0.0,0.009999999999998899,0.0,0.0,-2.999999999999999,0.0,0.0
15.080000000000007,2.4647571774989303,4.0,0.0,-0.470000000000001,0.0,0.0,-2.999999999999999,0.0,0.0
15.250000000000007,2.4715571774989304,4.0,0.0,0.04000000000000082,0.0,0.0,3.00000000000001,0.0,0.0
15.420000000000007,2.5565571774989304,4.0,0.0,0.4999999999999998,0.0,0.0,2.7058823529411704,0.0,0.0
15.580000000000007,2.5597571774989305,4.0,0.0,0.020000000000000573,0.0,0.0,-2.999999999999995,0.0,0.0
15.740000000000007,2.4861571774989306,4.0,0.0,-0.4599999999999993,0.0,0.0,-2.999999999999999,0.0,0.0
15.900000000000007,2.4893571774989307,4.0,0.0,0.020000000000000573,0.0,0.0,2.999999999999999,0.0,0.0
16.060000000000006,2.5419284287044053,4.0,0.0,0.32857032003421605,0.0,0.0,1.9285645002138467,0.0,0.0
16.220000000000006,2.51769967990988,4.0,0.0,-0.15142967996578383,0.0,0.0,-2.999999999999999,0.0,0.0
16.380000000000006,2.44161456804801,4.0,0.0,-0.47553194913668717,0.0,0.0,-2.025639182318146,0.0,0.0
16.540000000000006,2.44232945618614,4.0,0.0,0.0044680508633127,0.0,0.0,2.999999999999999,0.0,0.0
16.700000000000006,2.5198443443242704,4.0,0.0,0.48446805086331535,0.0,0.0,3.0000000000000164,0.0,0.0
16.860000000000007,2.5205592324624004,4.0,0.0,0.0044680508633127,0.0,0.0,-3.0000000000000164,0.0,0.0
17.020000000000007,2.4444741206005305,4.0,0.0,-0.47553194913668717,0.0,0.0,-2.999999999999999,0.0,0.0
17.180000000000007,2.4451890087386605,4.0,0.0,0.0044680508633127,0.0,0.0,2.999999999999999,0.0,0.0
17.35000000000001,2.5301890087386605,4.0,0.0,0.4999999999999998,0.0,0.0,2.9148938184511004,0.0,0.0
17.51000000000001,2.5333890087386606,4.0,0.0,0.020000000000000573,0.0,0.0,-2.999999999999995,0.0,0.0
17.67000000000001,2.4597890087386607,4.0,0.0,-0.4599999999999993,0.0,0.0,-2.999999999999999,0.0,0.0
17.83000000000001,2.462989008738661,4.0,0.0,0.020000000000000573,0.0,0.0,2.999999999999999,0.0,0.0
17.99000000000001,2.542989008738661,4.0,0.0,0.5000000000000004,0.0,0.0,2.999999999999999,0.0,0.0
18.15000000000001,2.546189008738661,4.0,0.0,0.020000000000000573,0.0,0.0,-2.999999999999999,0.0,0.0
18.31000000000001,2.472589008738661,4.0,0.0,-0.4599999999999993,0.0,0.0,-2.999999999999999,0.0,0.0
18.47000000000001,2.475789008738661,4.0,0.0,0.020000000000000573,0.0,0.0,2.999999999999999,0.0,0.0
18.64000000000001,2.560789008738661,4.0,0.0,0.4999999999999998,0.0,0.0,2.823529411764701,0.0,0.0
18.80000000000001,2.563989008738661,4.0,0.0,0.020000000000000573,0.0,0.0,-2.999999999999995,0.0,0.0
18.96000000000001,2.4903890087386613,4.0,0.0,-0.4599999999999993,0.0,0.0,-2.999999999999999,0.0,0.0
19.130000000000013,2.4988890087386615,4.0,0.0,0.05000000000000102,0.0,0.0,3.0000000000000018,0.0,0.0
19.290000000000013,2.4997772839967145,4.0,0.0,0.005551720362831358,0.0,0.0,-0.2778017477323104,0.0,0.0
19.460000000000015,2.5004039277725276,4.0,0.0,0.0036861398577242247,0.0,0.0,-0.010974002971218432,0.0,0.0
19.620000000000015,2.4979819481508447,4.0,0.0,-0.015137372635518065,0.0,0.0,-0.1176469530827643,0.0,0.0
19.790000000000017,2.5114476351825887,4.0,0.0,0.07920992371614118,0.0,0.0,0.5549840961862308,0.0,0.0
19.950000000000017,2.4473212229771715,4.0,0.0,-0.4007900762838579,0.0,0.0,-2.999999999999994,0.0,0.0
20.12000000000002,2.4658869100089156,4.0,0.0,0.10920992371614179,0.0,0.0,2.999999999999998,0.0,0.0
20.28000000000002,2.5458869100089156,4.0,0.0,0.5000000000000004,0.0,0.0,2.4424379767741167,0.0,0.0
20.44000000000002,2.5490869100089157,4.0,0.0,0.020000000000000573,0.0,0.0,-2.999999999999999,0.0,0.0
20.60000000000002,2.475486910008916,4.0,0.0,-0.4599999999999993,0.0,0.0,-2.999999999999999,0.0,0.0
20.76000000000002,2.478686910008916,4.0,0.0,0.020000000000000573,0.0,0.0,2.999999999999999,0.0,0.0
20.92000000000002,2.558686910008916,4.0,0.0,0.5000000000000004,0.0,0.0,2.999999999999999,0.0,0.0
21.08000000000002,2.561886910008916,4.0,0.0,0.020000000000000573,0.0,0.0,-2.999999999999999,0.0,0.0
21.24000000000002,2.488286910008916,4.0,0.0,-0.4599999999999993,0.0,0.0,-2.999999999999999,0.0,0.0
21.40000000000002,2.4914869100089163,4.0,0.0,0.020000000000000573,0.0,0.0,2.999999999999999,0.0,0.0
21.56000000000002,2.5331539307632647,4.0,0.0,0.26041887971467725,0.0,0.0,1.5026179982167291,0.0,0.0
21.72000000000002,2.498020951517613,4.0,0.0,-0.21958112028532262,0.0,0.0,-2.999999999999999,0.0,0.0
21.88000000000002,2.529233467294825,4.0,0.0,0.19507822360757543,0.0,0.0,2.591620899330613,0.0,0.0
22.04000000000002,2.483645983072037,4.0,0.0,-0.28492177639242444,0.0,0.0,-2.999999999999999,0.0,0.0
22.20000000000002,2.5148584988492493,4.0,0.0,0.19507822360757543,0.0,0.0,2.999999999999999,0.0,0.0
22.36000000000002,2.4692710146264614,4.0,0.0,-0.28492177639242444,0.0,0.0,-2.999999999999999,0.0,0.0
22.52000000000002,2.5004835304036734,4.0,0.0,0.19507822360757543,0.0,0.0,2.999999999999999,0.0,0.0
22.690000000000023,2.4744744160611396,4.0,0.0,-0.15299479025019902,0.0,0.0,-2.047488316810438,0.0,0.0
22.850000000000023,2.3944744160611395,4.0,0.0,-0.5000000000000004,0.0,0.0,-2.168782560936259,0.0,0.0
23.010000000000023,2.3144744160611395,4.0,0.0,-0.5000000000000004,0.0,0.0,0.0,0.0,0.0
23.170000000000023,2.2934854058281062,4.0,0.0,-0.1311813139564577,0.0,0.0,2.305116787772142,0.0,0.0
23.340000000000025,2.3578845824555086,4.0,0.0,0.37881868604354324,0.0,0.0,3.000000000000005,0.0,0.0
23.500000000000025,2.4378845824555087,4.0,0.0,0.5000000000000004,0.0,0.0,0.7573832122278575,0.0,0.0
23.660000000000025,2.5178845824555087,4.0,0.0,0.5000000000000004,0.0,0.0,0.0,0.0,0.0
23.820000000000025,2.521084582455509,4.0,0.0,0.020000000000000573,0.0,0.0,-2.999999999999999,0.0,0.0
23.980000000000025,2.447484582455509,4.0,0.0,-0.4599999999999993,0.0,0.0,-2.999999999999999,0.0,0.0
24.140000000000025,2.450684582455509,4.0,0.0,0.020000000000000573,0.0,0.0,2.999999999999999,0.0,0.0
24.300000000000026,2.530684582455509,4.0,0.0,0.5000000000000004,0.0,0.0,2.999999999999999,0.0,0.0
24.460000000000026,2.533884582455509,4.0,0.0,0.020000000000000573,0.0,0.0,-2.999999999999999,0.0,0.0
24.610000000000024,2.4693845824555094,4.0,0.0,-0.42999999999999855,0.0,0.0,-2.9999999999999942,0.0,0.0
24.770000000000024,2.4773845824555094,4.0,0.0,0.050000000000000044,0.0,0.0,2.999999999999991,0.0,0.0
24.930000000000025,2.5573845824555095,4.0,0.0,0.5000000000000004,0.0,0.0,2.812500000000002,0.0,0.0
25.090000000000025,2.5605845824555096,4.0,0.0,0.020000000000000573,0.0,0.0,-2.999999999999999,0.0,0.0
25.250000000000025,2.4869845824555097,4.0,0.0,-0.4599999999999993,0.0,0.0,-2.999999999999999,0.0,0.0
25.410000000000025,2.4901845824555098,4.0,0.0,0.020000000000000573,0.0,0.0,2.999999999999999,0.0,0.0
25.570000000000025,2.5385195202832995,4.0,0.0,0.3020933614236859,0.0,0.0,1.7630835088980334,0.0,0.0
25.730000000000025,2.5100544581110893,4.0,0.0,-0.17790663857631395,0.0,0.0,-2.999999999999999,0.0,0.0
25.890000000000025,2.475654669885638,4.0,0.0,-0.21499867640907,0.0,0.0,-0.23182523645472533,0.0,0.0
26.060000000000027,2.5258048948960963,4.0,0.0,0.29500132359093045,0.0,0.0,3.0000000000000027,0.0,0.0
26.220000000000027,2.496205106670645,4.0,0.0,-0.18499867640907053,0.0,0.0,-3.000000000000006,0.0,0.0
26.39000000000003,2.5401544326069962,4.0,0.0,0.2585254466844191,0.0,0.0,2.6089654299617036,0.0,0.0
26.55000000000003,2.504718504076503,4.0,0.0,-0.22147455331558152,0.0,0.0,-3.000000000000004,0.0,0.0
26.71000000000003,2.501821320323103,4.0,0.0,-0.018107398458752644,0.0,0.0,1.2710447178551805,0.0,0.0
26.88000000000003,2.4934488692721604,4.0,0.0,-0.04924971206436717,0.0,0.0,-0.18319008003302661,0.0,0.0
27.04000000000003,2.5317186309568784,4.0,0.0,0.23918601052948796,0.0,0.0,1.8027232662115946,0.0,0.0
27.20000000000003,2.4931883926415965,4.0,0.0,-0.2408139894705119,0.0,0.0,-2.999999999999999,0.0,0.0
27.36000000000003,2.5314581543263146,4.0,0.0,0.23918601052948796,0.0,0.0,2.999999999999999,0.0,0.0
27.52000000000003,2.4929279160110327,4.0,0.0,-0.2408139894705119,0.0,0.0,-2.999999999999999,0.0,0.0
27.68000000000003,2.5311976776957508,4.0,0.0,0.23918601052948796,0.0,0.0,2.999999999999999,0.0,0.0
27.840000000000032,2.492667439380469,4.0,0.0,-0.2408139894705119,0.0,0.0,-2.999999999999999,0.0,0.0
28.000000000000032,2.530937201065187,4.0,0.0,0.23918601052948796,0.0,0.0,2.999999999999999,0.0,0.0
28.170000000000034,2.4848988228552,4.0,0.0,-0.2708139894705125,0.0,0.0,-3.0000000000000027,0.0,0.0
28.330000000000034,2.518368584539918,4.0,0.0,0.2091860105294885,0.0,0.0,3.000000000000006,0.0,0.0
28.490000000000034,2.475038346224636,4.0,0.0,-0.2708139894705114,0.0,0.0,-2.999999999999999,0.0,0.0
28.660000000000036,2.515699968014649,4.0,0.0,0.23918601052948746,0.0,0.0,2.9999999999999933,0.0,0.0
28.820000000000036,2.477169729699367,4.0,0.0,-0.2408139894705119,0.0,0.0,-2.999999999999996,0.0,0.0
28.980000000000036,2.515439491384085,4.0,0.0,0.23918601052948796,0.0,0.0,2.999999999999999,0.0,0.0
29.140000000000036,2.4769092530688033,4.0,0.0,-0.2408139894705119,0.0,0.0,-2.999999999999999,0.0,0.0
29.300000000000036,2.5151790147535213,4.0,0.0,0.23918601052948796,0.0,0.0,2.999999999999999,0.0,0.0
29.460000000000036,2.4766487764382394,4.0,0.0,-0.2408139894705119,0.0,0.0,-2.999999999999999,0.0,0.0
29.620000000000037,2.5149185381229575,4.0,0.0,0.23918601052948796,0.0,0.0,2.999999999999999,0.0,0.0
29.780000000000037,2.4763882998076756,4.0,0.0,-0.2408139894705119,0.0,0.0,-2.999999999999999,0.0,0.0
29.940000000000037,2.5146580614923937,4.0,0.0,0.23918601052948796,0.0,0.0,2.999999999999999,0.0,0.0
30.100000000000037,2.4761278231771118,4.0,0.0,-0.2408139894705119,0.0,0.0,-2.999999999999999,0.0,0.0
30.260000000000037,2.51439758486183,4.0,0.0,0.23918601052948796,0.0,0.0,2.999999999999999,0.0,0.0
30.420000000000037,2.475867346546548,4.0,0.0,-0.2408139894705119,0.0,0.0,-2.999999999999999,0.0,0.0
30.580000000000037,2.514137108231266,4.0,0.0,0.23918601052948796,0.0,0.0,2.999999999999999,0.0,0.0
30.75000000000004,2.468098730021279,4.0,0.0,-0.2708139894705125,0.0,0.0,-3.0000000000000027,0.0,0.0
30.91000000000004,2.388098730021279,4.0,0.0,-0.5000000000000004,0.0,0.0,-1.4324125658092997,0.0,0.0
31.08000000000004,2.303098730021279,4.0,0.0,-0.4999999999999998,0.0,0.0,3.9184342045593755e-15,0.0,0.0
31.24000000000004,2.2998987300212788,4.0,0.0,-0.020000000000000573,0.0,0.0,2.999999999999995,0.0,0.0
31.40000000000004,2.3734987300212786,4.0,0.0,0.4599999999999993,0.0,0.0,2.999999999999999,0.0,0.0
31.56000000000004,2.4534987300212787,4.0,0.0,0.5000000000000004,0.0,0.0,0.25000000000000716,0.0,0.0
31.730000000000043,2.5384987300212787,4.0,0.0,0.4999999999999998,0.0,0.0,-3.9184342045593755e-15,0.0,0.0
31.900000000000045,2.5367987300212786,4.0,0.0,-0.010000000000000205,0.0,0.0,-3.0,0.0,0.0
32.060000000000045,2.458398730021279,4.0,0.0,-0.48999999999999877,0.0,0.0,-2.9999999999999907,0.0,0.0
32.22000000000004,2.456798730021279,4.0,0.0,-0.009999999999998899,0.0,0.0,2.999999999999999,0.0,0.0
32.38000000000004,2.531998730021279,4.0,0.0,0.470000000000001,0.0,0.0,2.999999999999999,0.0,0.0
32.55000000000004,2.525198730021279,4.0,0.0,-0.04000000000000082,0.0,0.0,-3.00000000000001,0.0,0.0
32.710000000000036,2.445198730021279,4.0,0.0,-0.5000000000000004,0.0,0.0,-2.874999999999998,0.0,0.0
32.87000000000003,2.441998730021279,4.0,0.0,-0.020000000000000573,0.0,0.0,2.999999999999999,0.0,0.0
33.03000000000003,2.5155987300212788,4.0,0.0,0.4599999999999993,0.0,0.0,2.999999999999999,0.0,0.0
33.190000000000026,2.5123987300212787,4.0,0.0,-0.020000000000000573,0.0,0.0,-2.999999999999999,0.0,0.0
33.35000000000002,2.450837232312332,4.0,0.0,-0.3847593606809169,0.0,0.0,-2.2797460042557267,0.0,0.0
33.51000000000002,2.4660757346033852,4.0,0.0,0.095240639319083,0.0,0.0,2.999999999999999,0.0,0.0
33.670000000000016,2.5460757346033853,4.0,0.0,0.5000000000000004,0.0,0.0,2.529746004255734,0.0,0.0
33.83000000000001,2.5492757346033854,4.0,0.0,0.020000000000000573,0.0,0.0,-2.999999999999999,0.0,0.0
33.99000000000001,2.4756757346033855,4.0,0.0,-0.4599999999999993,0.0,0.0,-2.999999999999999,0.0,0.0
34.150000000000006,2.4788757346033856,4.0,0.0,0.020000000000000573,0.0,0.0,2.999999999999999,0.0,0.0
34.31,2.5588757346033857,4.0,0.0,0.5000000000000004,0.0,0.0,2.999999999999999,0.0,0.0
34.480000000000004,2.5571757346033857,4.0,0.0,-0.010000000000000205,0.0,0.0,-3.0000000000000036,0.0,0.0
34.63,2.4881757346033857,4.0,0.0,-0.4599999999999997,0.0,0.0,-2.9999999999999964,0.0,0.0
34.79,2.491375734603386,4.0,0.0,0.020000000000000573,0.0,0.0,3.0000000000000018,0.0,0.0
34.949999999999996,2.5336119734340503,4.0,0.0,0.26397649269165324,0.0,0.0,1.5248530793228292,0.0,0.0
35.10999999999999,2.499048212264715,4.0,0.0,-0.21602350730834663,0.0,0.0,-2.999999999999999,0.0,0.0
35.279999999999994,2.530256342744356,4.0,0.0,0.18357723811553656,0.0,0.0,2.350592620140489,0.0,0.0
35.449999999999996,2.4747644732239973,4.0,0.0,-0.3264227618844634,0.0,0.0,-3.0,0.0,0.0
35.60999999999999,2.4993368313224833,4.0,0.0,0.15357723811553758,0.0,0.0,3.000000000000006,0.0,0.0
35.76999999999999,2.487988840092277,4.0,0.0,-0.07092494518878834,0.0,0.0,-1.403138645652037,0.0,0.0
35.929999999999986,2.553440848862071,4.0,0.0,0.40907505481121154,0.0,0.0,2.999999999999999,0.0,0.0
36.08999999999998,2.542092857631865,4.0,0.0,-0.07092494518878834,0.0,0.0,-2.999999999999999,0.0,0.0
36.24999999999998,2.462092857631865,4.0,0.0,-0.5000000000000004,0.0,0.0,-2.681719092570076,0.0,0.0
36.409999999999975,2.4588928576318647,4.0,0.0,-0.020000000000000573,0.0,0.0,2.999999999999999,0.0,0.0
36.56999999999997,2.5324928576318646,4.0,0.0,0.4599999999999993,0.0,0.0,2.999999999999999,0.0,0.0
36.72999999999997,2.5292928576318645,4.0,0.0,-0.020000000000000573,0.0,0.0,-2.999999999999999,0.0,0.0
36.889999999999965,2.4492928576318644,4.0,0.0,-0.5000000000000004,0.0,0.0,-2.999999999999999,0.0,0.0
37.04999999999996,2.4460928576318643,4.0,0.0,-0.020000000000000573,0.0,0.0,2.999999999999999,0.0,0.0
37.20999999999996,2.5196928576318642,4.0,0.0,0.4599999999999993,0.0,0.0,2.999999999999999,0.0,0.0
37.369999999999955,2.516492857631864,4.0,0.0,-0.020000000000000573,0.0,0.0,-2.999999999999999,0.0,0.0
37.52999999999995,2.436492857631864,4.0,0.0,-0.5000000000000004,0.0,0.0,-2.999999999999999,0.0,0.0
37.69999999999995,2.438192857631864,4.0,0.0,0.010000000000000205,0.0,0.0,3.0000000000000036,0.0,0.0
37.85999999999995,2.516592857631864,4.0,0.0,0.48999999999999877,0.0,0.0,2.9999999999999907,0.0,0.0
38.019999999999946,2.5181928576318637,4.0,0.0,0.009999999999998899,0.0,0.0,-2.999999999999999,0.0,0.0
38.18999999999995,2.4331928576318638,4.0,0.0,-0.4999999999999998,0.0,0.0,-2.999999999999992,0.0,0.0
38.349999999999945,2.4299928576318637,4.0,0.0,-0.020000000000000573,0.0,0.0,2.999999999999995,0.0,0.0
38.50999999999994,2.5035928576318636,4.0,0.0,0.4599999999999993,0.0,0.0,2.999999999999999,0.0,0.0
38.68999999999994,2.4891928576318634,4.0,0.0,-0.08000000000000106,0.0,0.0,-3.000000000000002,0.0,0.0
38.84999999999994,2.552205426556723,4.0,0.0,0.39382855578037335,0.0,0.0,2.96142847362734,0.0,0.0
39.009999999999934,2.5384179954815824,4.0,0.0,-0.0861714442196293,0.0,0.0,-3.0000000000000164,0.0,0.0
39.16999999999993,2.4584179954815824,4.0,0.0,-0.5000000000000004,0.0,0.0,-2.5864284736273198,0.0,0.0
39.32999999999993,2.3784179954815823,4.0,0.0,-0.5000000000000004,0.0,0.0,0.0,0.0,0.0
39.489999999999924,2.298417995481582,4.0,0.0,-0.5000000000000004,0.0,0.0,0.0,0.0,0.0
39.64999999999992,2.295217995481582,4.0,0.0,-0.020000000000000573,0.0,0.0,2.999999999999999,0.0,0.0
39.80999999999992,2.368817995481582,4.0,0.0,0.4599999999999993,0.0,0.0,2.999999999999999,0.0,0.0
39.969999999999914,2.448817995481582,4.0,0.0,0.5000000000000004,0.0,0.0,0.25000000000000716,0.0,0.0
40.12999999999991,2.528817995481582,4.0,0.0,0.5000000000000004,0.0,0.0,0.0,0.0,0.0
40.28999999999991,2.608817995481582,4.0,0.0,0.5000000000000004,0.0,0.0,0.0,0.0,0.0
40.4499999999999,2.6888179954815823,4.0,0.0,0.5000000000000004,0.0,0.0,0.0,0.0,0.0
40.6099999999999,2.7688179954815824,4.0,0.0,0.5000000000000004,0.0,0.0,0.0,0.0,0.0
40.7699999999999,2.8488179954815824,4.0,0.0,0.5000000000000004,0.0,0.0,0.0,0.0,0.0
40.92999999999989,2.9288179954815825,4.0,0.0,0.5000000000000004,0.0,0.0,0.0,0.0,0.0
41.099999999999895,3.0138179954815825,4.0,0.0,0.4999999999999998,0.0,0.0,-3.9184342045593755e-15,0.0,0.0
41.25999999999989,3.0938179954815825,4.0,0.0,0.5000000000000004,0.0,0.0,4.163336342344337e-15,0.0,0.0
41.41999999999989,3.1738179954815826,4.0,0.0,0.5000000000000004,0.0,0.0,0.0,0.0,0.0
41.579999999999885,3.2538179954815827,4.0,0.0,0.5000000000000004,0.0,0.0,0.0,0.0,0.0
41.73999999999988,3.3338179954815828,4.0,0.0,0.5000000000000004,0.0,0.0,0.0,0.0,0.0
41.89999999999988,3.337017995481583,4.0,0.0,0.020000000000000573,0.0,0.0,-2.999999999999999,0.0,0.0
42.059999999999874,3.263417995481583,4.0,0.0,-0.4599999999999993,0.0,0.0,-2.999999999999999,0.0,0.0
42.21999999999987,3.183417995481583,4.0,0.0,-0.5000000000000004,0.0,0.0,-0.25000000000000716,0.0,0.0
42.37999999999987,3.103417995481583,4.0,0.0,-0.5000000000000004,0.0,0.0,0.0,0.0,0.0
42.539999999999864,3.0234179954815827,4.0,0.0,-0.5000000000000004,0.0,0.0,0.0,0.0,0.0
42.709999999999866,2.938417995481583,4.0,0.0,-0.4999999999999998,0.0,0.0,3.9184342045593755e-15,0.0,0.0
42.86999999999986,2.8584179954815827,4.0,0.0,-0.5000000000000004,0.0,0.0,-4.163336342344337e-15,0.0,0.0
43.02999999999986,2.7784179954815826,4.0,0.0,-0.5000000000000004,0.0,0.0,0.0,0.0,0.0
43.19999999999986,2.6934179954815827,4.0,0.0,-0.4999999999999998,0.0,0.0,3.9184342045593755e-15,0.0,0.0
43.36999999999986,2.6084179954815827,4.0,0.0,-0.4999999999999998,0.0,0.0,0.0,0.0,0.0
43.52999999999986,2.5284179954815826,4.0,0.0,-0.5000000000000004,0.0,0.0,-4.163336342344337e-15,0.0,0.0
43.689999999999856,2.4484179954815826,4.0,0.0,-0.5000000000000004,0.0,0.0,0.0,0.0,0.0
43.84999999999985,2.4452179954815825,4.0,0.0,-0.020000000000000573,0.0,0.0,2.999999999999999,0.0,0.0
44.00999999999985,2.5188179954815824,4.0,0.0,0.4599999999999993,0.0,0.0,2.999999999999999,0.0,0.0
44.169999999999845,2.5156179954815823,4.0,0.0,-0.020000000000000573,0.0,0.0,-2.999999999999999,0.0,0.0
44.32999999999984,2.437573858615881,4.0,0.0,-0.4877758554106326,0.0,0.0,-2.92359909631645,0.0,0.0
44.499999999999844,2.4413519631960736,4.0,0.0,0.022224144589368028,0.0,0.0,3.0000000000000036,0.0,0.0
44.64999999999984,2.5121855848844787,4.0,0.0,0.4722241445893675,0.0,0.0,2.999999999999997,0.0,0.0
44.80999999999984,2.5109414480187775,4.0,0.0,-0.007775855410632748,0.0,0.0,-3.0000000000000018,0.0,0.0
44.97999999999984,2.4486252052641087,4.0,0.0,-0.3665661338509932,0.0,0.0,-2.110531049649179,0.0,0.0
45.13999999999984,2.4667746238479498,4.0,0.0,0.11343386614900697,0.0,0.0,3.000000000000001,0.0,0.0
45.30999999999984,2.5517746238479497,4.0,0.0,0.4999999999999998,0.0,0.0,2.2739184344176047,0.0,0.0
45.469999999999835,2.55497462384795,4.0,0.0,0.020000000000000573,0.0,0.0,-2.999999999999995,0.0,0.0
45.62999999999983,2.48137462384795,4.0,0.0,-0.4599999999999993,0.0,0.0,-2.999999999999999,0.0,0.0
45.799999999999834,2.48987462384795,4.0,0.0,0.05000000000000102,0.0,0.0,3.0000000000000018,0.0,0.0
45.95999999999983,2.5369165497464454,4.0,0.0,0.29401203686559574,0.0,0.0,1.525075230409967,0.0,0.0
46.11999999999983,2.5071584756449408,4.0,0.0,-0.18598796313440413,0.0,0.0,-2.999999999999999,0.0,0.0
46.27999999999982,2.4883619248037467,4.0,0.0,-0.11747844275746266,0.0,0.0,0.4281845023558842,0.0,0.0
46.449999999999825,2.555090589534978,4.0,0.0,0.39252155724253696,0.0,0.0,2.9999999999999973,0.0,0.0
46.60999999999982,2.541094038693784,4.0,0.0,-0.08747844275746319,0.0,0.0,-3.000000000000001,0.0,0.0
46.76999999999982,2.461094038693784,4.0,0.0,-0.5000000000000004,0.0,0.0,-2.578259732765858,0.0,0.0
46.929999999999815,2.4578940386937838,4.0,0.0,-0.020000000000000573,0.0,0.0,2.999999999999999,0.0,0.0
47.08999999999981,2.5314940386937836,4.0,0.0,0.4599999999999993,0.0,0.0,2.999999999999999,0.0,0.0
47.24999999999981,2.5282940386937836,4.0,0.0,-0.020000000000000573,0.0,0.0,-2.999999999999999,0.0,0.0
47.41999999999981,2.4432940386937836,4.0,0.0,-0.4999999999999998,0.0,0.0,-2.823529411764701,0.0,0.0
47.57999999999981,2.3632940386937835,4.0,0.0,-0.5000000000000004,0.0,0.0,-4.163336342344337e-15,0.0,0.0
47.7399999999998,2.2832940386937834,4.0,0.0,-0.5000000000000004,0.0,0.0,0.0,0.0,0.0
47.8999999999998,2.2800940386937834,4.0,0.0,-0.020000000000000573,0.0,0.0,2.999999999999999,0.0,0.0
48.059999999999796,2.3536940386937832,4.0,0.0,0.4599999999999993,0.0,0.0,2.999999999999999,0.0,0.0
48.21999999999979,2.4336940386937833,4.0,0.0,0.5000000000000004,0.0,0.0,0.25000000000000716,0.0,0.0
48.37999999999979,2.5136940386937834,4.0,0.0,0.5000000000000004,0.0,0.0,0.0,0.0,0.0
48.539999999999786,2.5168940386937835,4.0,0.0,0.020000000000000573,0.0,0.0,-2.999999999999999,0.0,0.0
48.69999999999978,2.4432940386937836,4.0,0.0,-0.4599999999999993,0.0,0.0,-2.999999999999999,0.0,0.0
48.85999999999978,2.4464940386937837,4.0,0.0,0.020000000000000573,0.0,0.0,2.999999999999999,0.0,0.0
49.019999999999776,2.5264940386937838,4.0,0.0,0.5000000000000004,0.0,0.0,2.999999999999999,0.0,0.0
49.17999999999977,2.529694038693784,4.0,0.0,0.020000000000000573,0.0,0.0,-2.999999999999999,0.0,0.0
49.33999999999977,2.456094038693784,4.0,0.0,-0.4599999999999993,0.0,0.0,-2.999999999999999,0.0,0.0
49.50999999999977,2.464594038693784,4.0,0.0,0.05000000000000102,0.0,0.0,3.0000000000000018,0.0,0.0
49.66999999999977,2.544594038693784,4.0,0.0,0.5000000000000004,0.0,0.0,2.812499999999996,0.0,0.0
49.829999999999764,2.5477940386937843,4.0,0.0,0.020000000000000573,0.0,0.0,-2.999999999999999,0.0,0.0
49.98999999999976,2.4741940386937844,4.0,0.0,-0.4599999999999993,0.0,0.0,-2.999999999999999,0.0,0.0
50.14999999999976,2.4773940386937845,4.0,0.0,0.020000000000000573,0.0,0.0,2.999999999999999,0.0,0.0
50.309999999999754,2.5573940386937846,4.0,0.0,0.5000000000000004,0.0,0.0,2.999999999999999,0.0,0.0
50.479999999999755,2.5556940386937845,4.0,0.0,-0.010000000000000205,0.0,0.0,-3.0000000000000036,0.0,0.0
50.63999999999975,2.4772940386937847,4.0,0.0,-0.48999999999999877,0.0,0.0,-2.9999999999999907,0.0,0.0
50.79999999999975,2.475694038693785,4.0,0.0,-0.009999999999998899,0.0,0.0,2.999999999999999,0.0,0.0
50.959999999999745,2.550894038693785,4.0,0.0,0.470000000000001,0.0,0.0,2.999999999999999,0.0,0.0
51.11999999999974,2.5492940386937852,4.0,0.0,-0.009999999999998899,0.0,0.0,-2.999999999999999,0.0,0.0
51.27999999999974,2.4708940386937854,4.0,0.0,-0.48999999999999877,0.0,0.0,-2.999999999999999,0.0,0.0
51.44999999999974,2.4742940386937855,4.0,0.0,0.02000000000000041,0.0,0.0,2.999999999999995,0.0,0.0
51.60999999999974,2.5542940386937856,4.0,0.0,0.5000000000000004,0.0,0.0,3.0,0.0,0.0
51.77999999999974,2.5525940386937855,4.0,0.0,-0.010000000000000205,0.0,0.0,-3.0000000000000036,0.0,0.0
51.939999999999735,2.4741940386937857,4.0,0.0,-0.48999999999999877,0.0,0.0,-2.9999999999999907,0.0,0.0
52.09999999999973,2.472594038693786,4.0,0.0,-0.009999999999998899,0.0,0.0,2.999999999999999,0.0,0.0
52.25999999999973,2.547794038693786,4.0,0.0,0.470000000000001,0.0,0.0,2.999999999999999,0.0,0.0
52.419999999999725,2.5461940386937862,4.0,0.0,-0.009999999999998899,0.0,0.0,-2.999999999999999,0.0,0.0
52.57999999999972,2.4677940386937864,4.0,0.0,-0.48999999999999877,0.0,0.0,-2.999999999999999,0.0,0.0
52.74999999999972,2.4711940386937865,4.0,0.0,0.02000000000000041,0.0,0.0,2.999999999999995,0.0,0.0
52.90999999999972,2.5511940386937866,4.0,0.0,0.5000000000000004,0.0,0.0,3.0,0.0,0.0
53.069999999999716,2.5543940386937867,4.0,0.0,0.020000000000000573,0.0,0.0,-2.999999999999999,0.0,0.0
53.22999999999971,2.480794038693787,4.0,0.0,-0.4599999999999993,0.0,0.0,-2.999999999999999,0.0,0.0
53.399999999999714,2.489294038693787,4.0,0.0,0.05000000000000102,0.0,0.0,3.0000000000000018,0.0,0.0
53.55999999999971,2.5393085605815977,4.0,0.0,0.3125907617988172,0.0,0.0,1.6411922612426009,0.0,0.0
53.72999999999971,2.5057489900873966,4.0,0.0,-0.19740923820118297,0.0,0.0,-3.0000000000000004,0.0,0.0
53.88999999999971,2.4952654477072396,4.0,0.0,-0.06552213987598143,0.0,0.0,0.8242943645325096,0.0,0.0
54.049999999999706,2.5257964808742672,4.0,0.0,0.19081895729392284,0.0,0.0,1.6021318573119017,0.0,0.0
54.2099999999997,2.479527514041295,4.0,0.0,-0.28918104270607703,0.0,0.0,-2.999999999999999,0.0,0.0
54.3699999999997,2.5100585472083226,4.0,0.0,0.19081895729392284,0.0,0.0,2.999999999999999,0.0,0.0
54.529999999999696,2.4637895803753502,4.0,0.0,-0.28918104270607703,0.0,0.0,-2.999999999999999,0.0,0.0
54.679999999999694,2.487912423969439,4.0,0.0,0.16081895729392376,0.0,0.0,3.0000000000000053,0.0,0.0
54.849999999999696,2.538641157508106,4.0,0.0,0.2984043149333354,0.0,0.0,0.8093256331730097,0.0,0.0
55.00999999999969,2.5095858478974393,4.0,0.0,-0.18159568506666557,0.0,0.0,-3.000000000000006,0.0,0.0
55.16999999999969,2.4779394924289497,4.0,0.0,-0.19778972167805997,0.0,0.0,-0.10121272882121501,0.0,0.0
55.329999999999686,2.3979394924289497,4.0,0.0,-0.5000000000000004,0.0,0.0,-1.888814239512128,0.0,0.0
55.48999999999968,2.3179394924289496,4.0,0.0,-0.5000000000000004,0.0,0.0,0.0,0.0,0.0
55.659999999999684,2.239069226189621,4.0,0.0,-0.46394274258428575,0.0,0.0,0.2121015142100864,0.0,0.0
55.81999999999968,2.2416383873761356,4.0,0.0,0.016057257415716397,0.0,0.0,3.0000000000000133,0.0,0.0
55.97999999999968,2.3210075485626502,4.0,0.0,0.49605725741571627,0.0,0.0,2.999999999999999,0.0,0.0
56.14999999999968,2.40600754856265,4.0,0.0,0.4999999999999998,0.0,0.0,0.02319260343696182,0.0,0.0
56.309999999999675,2.4860075485626503,4.0,0.0,0.5000000000000004,0.0,0.0,4.163336342344337e-15,0.0,0.0
56.46999999999967,2.5660075485626503,4.0,0.0,0.5000000000000004,0.0,0.0,0.0,0.0,0.0
56.62999999999967,2.6460075485626504,4.0,0.0,0.5000000000000004,0.0,0.0,0.0,0.0,0.0
56.79999999999967,2.7310075485626504,4.0,0.0,0.4999999999999998,0.0,0.0,-3.9184342045593755e-15,0.0,0.0
56.95999999999967,2.8110075485626504,4.0,0.0,0.5000000000000004,0.0,0.0,4.163336342344337e-15,0.0,0.0
57.11999999999966,2.8910075485626505,4.0,0.0,0.5000000000000004,0.0,0.0,0.0,0.0,0.0
57.27999999999966,2.9710075485626506,4.0,0.0,0.5000000000000004,0.0,0.0,0.0,0.0,0.0
57.44999999999966,3.0560075485626506,4.0,0.0,0.4999999999999998,0.0,0.0,-3.9184342045593755e-15,0.0,0.0
57.60999999999966,3.1360075485626506,4.0,0.0,0.5000000000000004,0.0,0.0,4.163336342344337e-15,0.0,0.0
57.769999999999655,3.2160075485626507,4.0,0.0,0.5000000000000004,0.0,0.0,0.0,0.0,0.0
57.92999999999965,3.2960075485626508,4.0,0.0,0.5000000000000004,0.0,0.0,0.0,0.0,0.0
58.08999999999965,3.376007548562651,4.0,0.0,0.5000000000000004,0.0,0.0,0.0,0.0,0.0
58.249999999999645,3.456007548562651,4.0,0.0,0.5000000000000004,0.0,0.0,0.0,0.0,0.0
58.40999999999964,3.536007548562651,4.0,0.0,0.5000000000000004,0.0,0.0,0.0,0.0,0.0
58.56999999999964,3.616007548562651,4.0,0.0,0.5000000000000004,0.0,0.0,0.0,0.0,0.0
58.729999999999634,3.696007548562651,4.0,0.0,0.5000000000000004,0.0,0.0,0.0,0.0,0.0
58.88999999999963,3.776007548562651,4.0,0.0,0.5000000000000004,0.0,0.0,0.0,0.0,0.0
59.05999999999963,3.861007548562651,4.0,0.0,0.4999999999999998,0.0,0.0,-3.9184342045593755e-15,0.0,0.0
59.229999999999634,3.946007548562651,4.0,0.0,0.4999999999999998,0.0,0.0,0.0,0.0,0.0
59.38999999999963,4.026007548562651,4.0,0.0,0.5000000000000004,0.0,0.0,4.163336342344337e-15,0.0,0.0
59.55999999999963,4.111007548562651,4.0,0.0,0.4999999999999998,0.0,0.0,-3.9184342045593755e-15,0.0,0.0
59.71999999999963,4.191007548562651,4.0,0.0,0.5000000000000004,0.0,0.0,4.163336342344337e-15,0.0,0.0
59.879999999999626,4.271007548562651,4.0,0.0,0.5000000000000004,0.0,0.0,0.0,0.0,0.0
60.03999999999962,4.351007548562651,4.0,0.0,0.5000000000000004,0.0,0.0,0.0,0.0,0.0
60.19999999999962,4.431007548562651,4.0,0.0,0.5000000000000004,0.0,0.0,0.0,0.0,0.0
60.359999999999616,4.5110075485626515,4.0,0.0,0.5000000000000004,0.0,0.0,0.0,0.0,0.0
60.51999999999961,4.591007548562652,4.0,0.0,0.5000000000000004,0.0,0.0,0.0,0.0,0.0
60.689999999999614,4.6760075485626516,4.0,0.0,0.4999999999999998,0.0,0.0,-3.9184342045593755e-15,0.0,0.0
60.84999999999961,4.756007548562652,4.0,0.0,0.5000000000000004,0.0,0.0,4.163336342344337e-15,0.0,0.0
61.00999999999961,4.836007548562652,4.0,0.0,0.5000000000000004,0.0,0.0,0.0,0.0,0.0
61.169999999999604,4.916007548562652,4.0,0.0,0.5000000000000004,0.0,0.0,0.0,0.0,0.0
61.3299999999996,4.996007548562652,4.0,0.0,0.5000000000000004,0.0,0.0,0.0,0.0,0.0
61.4899999999996,5.076007548562652,4.0,0.0,0.5000000000000004,0.0,0.0,0.0,0.0,0.0
61.649999999999594,5.156007548562652,4.0,0.0,0.5000000000000004,0.0,0.0,0.0,0.0,0.0
61.80999999999959,5.236007548562652,4.0,0.0,0.5000000000000004,0.0,0.0,0.0,0.0,0.0
61.96999999999959,5.316007548562652,4.0,0.0,0.5000000000000004,0.0,0.0,0.0,0.0,0.0
62.12999999999958,5.396007548562652,4.0,0.0,0.5000000000000004,0.0,0.0,0.0,0.0,0.0
62.28999999999958,5.414294532610869,3.954286285841829,0.0,0.11429365030135585,-0.28571071348856836,0.0,-2.4106646856165286,-1.7856919593035523,0.0
62.44999999999958,5.37859000519092,3.882695876416278,0.0,-0.22315329637468406,-0.4474400589096955,0.0,-2.1090434167252496,-1.0108084088820448,0.0
62.60999999999957,5.361183228356509,3.8046125611675192,0.0,-0.10879235521506492,-0.488020720304741,0.0,0.7147558822476197,-0.2536291337190341,0.0
62.76999999999957,5.331977401385936,3.730134244383606,0.0,-0.1825364185660816,-0.46548947989945855,0.0,-0.4609003959438543,0.14082025253301517,0.0
62.929999999999566,5.3102791732215815,3.6531330307923406,0.0,-0.1356139260272171,-0.4812575849454076,0.0,0.29326557836790307,-0.09855065653718159,0.0
63.08999999999956,5.2836965390217605,3.5776786501441733,0.0,-0.16614146374888117,-0.4715898790510459,0.0,-0.19079711076040035,0.060423161839760764,0.0
63.24999999999956,5.260285221089059,3.50118087113946,0.0,-0.1463207370793862,-0.478111118779459,0.0,0.12387954168434356,-0.040757748302582,0.0
63.409999999999556,5.2347861325359455,3.4253534586624377,0.0,-0.15936930345695766,-0.47392132798138864,0.0,-0.08155353985982161,0.02618619248793974,0.0
63.56999999999955,5.210668915339791,3.349075284623506,0.0,-0.1507326074759674,-0.47673858774332223,0.0,0.05397934988118913,-0.017607873512084926,0.0
63.72999999999955,5.185624524097387,3.273096481873677,0.0,-0.1565274452650256,-0.47486751718643083,0.0,-0.03621773618161378,0.011694190980571229,0.0
63.889999999999546,5.161209901282126,3.19691297845733,0.0,-0.15259139259538035,-0.4761468963521698,0.0,0.02460032918528282,-0.007996119785868422,0.0
64.05999999999955,5.134777302409007,3.116127350299762,0.0,-0.15548587572422873,-0.4752095773974579,0.0,-0.017026371346166937,0.005513640910069914,0.0
64.21999999999954,5.1102638871390536,3.039975577688727,0.0,-0.15320884543720825,-0.4759485788189688,0.0,0.014231439293877976,-0.0046187588844431166,0.0
64.37999999999954,5.0854828941233805,2.9639104583161977,0.0,-0.15488120634795655,-0.47540699607830916,0.0,-0.010452255692176837,0.0033848921291226852,0.0
64.53999999999954,5.060908719355461,2.8877782710727216,0.0,-0.15358859229949728,-0.4758261702717259,0.0,0.008078837802870387,-0.0026198387088546826,0.0
64.68999999999954,5.037717154078948,2.8164540024117306,0.0,-0.1546104351767556,-0.47549512440660635,0.0,-0.006812285848388777,0.0022069724341304093,0.0
64.84999999999954,5.013120100217018,2.740329203946885,0.0,-0.15373158663706255,-0.47577999040528396,0.0,0.005492803373081598,-0.0017804124917350506,0.0
65.00999999999954,4.988279579396014,2.664283503704588,0.0,-0.1552532551312713,-0.47528562651435735,0.0,-0.009510428088804757,0.0030897743182912996,0.0
65.16999999999953,4.934866245687184,2.659524789397153,0.0,-0.33383333568018925,-0.02974196442146748,0.0,-1.1161255034307371,2.7846478880805616,0.0
65.32999999999953,4.872133722681055,2.7091698350440807,0.0,-0.392078268788304,0.31028153529329694,0.0,-0.3640308319257171,2.1251468732172776,0.0
65.48999999999953,4.79813224542805,2.7395636068464255,0.0,-0.46250923283128187,0.1899610737646551,0.0,-0.4401935252686118,-0.7520028845540115,0.0
65.64999999999952,4.730559160369898,2.7823874106910598,0.0,-0.42233178161344975,0.26764877402896403,0.0,0.2511090701114507,0.4855481266519308,0.0
65.80999999999952,4.65894124335505,2.8180367299335694,0.0,-0.4476119813427992,0.22280824526568488,0.0,-0.1580012483084342,-0.2802533047704947,0.0
65.96999999999952,4.589940346405616,2.8585197661360766,0.0,-0.4312556059339667,0.2530189762656704,0.0,0.10222734630520314,0.1888170687499094,0.0
66.12999999999951,4.519476473627255,2.8963990828283688,0.0,-0.44039920486475537,0.23674572932682603,0.0,-0.05714749331742902,-0.10170779336777722,0.0
66.28999999999951,4.45012864770936,2.9362849078851654,0.0,-0.43342391198684105,0.2492864066049788,0.0,0.04359558048696449,0.07837923298845487,0.0
66.45999999999951,4.375909502998136,2.9777157968248713,0.0,-0.436583204183674,0.24371111141003482,0.0,-0.01858407174607632,-0.03279585408790579,0.0
66.61999999999951,4.3066601962987505,3.0177724257600995,0.0,-0.432808166871157,0.2503539308451763,0.0,0.023593983203231556,0.04151762146963438,0.0
66.7799999999995,4.237287314729805,3.057614655903768,0.0,-0.4335805098059087,0.24901393839792674,0.0,-0.004827143342198137,-0.008374952795309892,0.0
66.9399999999995,4.168265734155222,3.0980624174609455,0.0,-0.4313848785911456,0.2527985097323604,0.0,0.0137226950922692,0.023653570840210386,0.0
67.0999999999995,4.099314720555748,3.138630357063607,0.0,-0.43094383499671096,0.2535496225166356,0.0,0.0027565224652165154,0.004694454901719991,0.0
67.2599999999995,4.030632652641419,3.179651979983861,0.0,-0.4292629244645574,0.25638514325158623,0.0,0.010505690825959868,0.017722004593441476,0.0
67.41999999999949,3.962117352862867,3.220951540468873,0.0,-0.42822062361594915,0.25812225303132597,0.0,0.00651438030380147,0.010856936123373323,0.0
67.57999999999949,3.893860729617098,3.262677232591175,0.0,-0.4266038952860568,0.26078557576438566,0.0,0.010104552061827171,0.016645767081623075,0.0
67.73999999999948,3.8258350720058982,3.3047784191132177,0.0,-0.42516036006999824,0.2631324157627679,0.0,0.009022095100365973,0.014667749989889095,0.0
67.90999999999948,3.753879293596033,3.350026247275798,0.0,-0.42326928476391434,0.2661636950740006,0.0,0.011123972388728825,0.01783105477195708,0.0
68.06999999999948,3.68644932322536,3.393075046281231,0.0,-0.42143731481670554,0.26905499378395703,0.0,0.011449812170055002,0.018070616937227585,0.0
68.22999999999948,3.619359669284029,3.4366523148284043,0.0,-0.419310337133319,0.27235792841983353,0.0,0.0132936105211659,0.02064334147422811,0.0
68.38999999999947,3.5526406120922682,3.4807948952632017,0.0,-0.41699410744850396,0.27589112771748414,0.0,0.014476435530094006,0.022082495610316333,0.0
68.54999999999947,3.486347062984079,3.525573967904784,0.0,-0.4143346819261817,0.2798692040098888,0.0,0.016621409514513963,0.024862976827529082,0.0
68.71999999999947,3.4164552374174137,3.573948886188527,0.0,-0.41112838568626703,0.28455834284554815,0.0,0.01886056611714527,0.027583169621525624,0.0
68.87999999999947,3.3512454160652854,3.6202919460704934,0.0,-0.4075613834508024,0.28964412426228936,0.0,0.02229376397165396,0.03178613385463255,0.0
69.03999999999947,3.2867089301643726,3.667568176753166,0.0,-0.4033530368807048,0.29547644176670385,0.0,0.02630216606311006,0.03645198440259054,0.0
69.19999999999946,3.222995601109842,3.7159480455085596,0.0,-0.3982083065908165,0.30237417972120983,0.0,0.032154564311801664,0.04311086221566243,0.0
69.35999999999946,3.1603187555168346,3.7656633653457114,0.0,-0.3917302849562959,0.3107207489821989,0.0,0.04048763521575377,0.05216605788118181,0.0
69.51999999999946,3.0990189279349765,3.817066975514983,0.0,-0.3831239223866134,0.32127256355794775,0.0,0.05378976606051564,0.06594884109843019,0.0
69.67999999999945,3.0396948970319175,3.8707387498233934,0.0,-0.37077519314411833,0.3354485894275644,0.0,0.07717955776559426,0.08860016168510398,0.0
69.83999999999945,2.983637716950262,3.9278140733992863,0.0,-0.3503573755103462,0.356720772349331,0.0,0.12761136021107594,0.13295114326104113,0.0
69.99999999999945,2.935082742393504,3.9913940580311857,0.0,-0.30346859097973855,0.39737490394937125,0.0,0.2930549033162977,0.2540883225002517,0.0
70.15999999999944,2.955548437199602,4.021293377576076,0.0,0.12791059253811354,0.1868707471555653,0.0,2.6961198969865756,-1.3156509799612872,0.0
70.31999999999944,3.035332474304516,4.015419075639531,0.0,0.4986502319057118,-0.03671438710340924,0.0,2.317122746047489,-1.3974070891185908,0.0
70.47999999999944,3.115327820230743,4.0162819951857776,0.0,0.49997091203891897,0.005393247164042769,0.0,0.008254250832544913,0.26317271417157506,0.0
70.63999999999943,3.1952472222165134,4.012691843902497,0.0,0.4994962624110644,-0.022438445520506223,0.0,-0.0029665601740912206,-0.1739480792784312,0.0
70.79999999999943,3.2752457085183146,4.012199716459165,0.0,0.49999053938625804,-0.0030757965208239035,0.0,0.0030892310949603985,0.1210165562480145,0.0
70.95999999999943,3.355205242766273,4.009655530371326,0.0,0.4997470890497402,-0.015901163048992473,0.0,-0.001521564603236547,-0.08015854080105356,0.0
71.11999999999942,3.4351987780565163,4.008638519177363,0.0,0.49995959556402014,-0.0063563199622695965,0.0,0.0013281657142497072,0.059655269292017976,0.0
71.27999999999942,3.5151735074917467,4.006627884510976,0.0,0.4998420589701902,-0.01256646666491501,0.0,-0.0007346037114372428,-0.038813416891533836,0.0
71.43999999999942,3.595165037726498,4.005463800878729,0.0,0.499947063967196,-0.00727552270154419,0.0,0.000656281231286443,0.033068399771067625,0.0
71.59999999999941,3.675147369326098,4.00378254185894,0.0,0.4998895724975,-0.010507868873682602,0.0,-0.00035932168560015576,-0.020202163575865073,0.0
71.75999999999941,3.7551398426613813,4.002685176967937,0.0,0.49995295834552034,-0.0068585305687707265,0.0,0.000396161550127172,0.022808364405699222,0.0
71.9199999999994,3.835127353431166,4.001271627940293,0.0,0.4999219423111545,-0.00883468142277577,0.0,-0.00019385021478648956,-0.01235094283753152,0.0
72.0799999999994,3.9151238424174863,4.000522128199443,0.0,0.49997805616450175,-0.004684373380309248,0.0,0.0003507115834203156,0.02593942526541576,0.0
72.2399999999994,3.995113040304224,3.999207509837963,0.0,0.49993248679210955,-0.00821636475925036,0.0,-0.00028480857745122323,-0.022074946118381955,0.0
72.3999999999994,3.9983050006810164,3.998544282941787,0.0,0.019949752354953,-0.00414516810109955,0.0,-2.9998920902322284,0.025444979113442567,0.0
72.55999999999939,3.9246999505442433,3.9985586814431153,0.0,-0.46003156335483186,8.999063330072943e-05,0.0,-2.9998832231861554,0.026469742090001747,0.0
72.71999999999939,3.8447000194379983,3.9986636719000472,0.0,-0.4999995694140308,0.0006561903558244264,0.0,-0.24980003786999327,0.003538748265773106,0.0
72.87999999999938,3.764700037844088,3.998717939514399,0.0,-0.4999998849619408,0.0003391725896972897,0.0,-1.9721744376477446e-06,-0.0019813610382946045,0.0
73.03999999999938,3.6847000860955057,3.998805804322622,0.0,-0.4999996984286381,0.000549155051393635,0.0,1.1658331418307188e-06,0.001312390385602158,0.0
73.19999999999938,3.6047001149568425,3.998873758815272,0.0,-0.49999981961664497,0.00042471557906431645,0.0,-7.574250428243889e-07,-0.0007777467020582407,0.0
73.35999999999937,3.524700157358122,3.9989561250879864,0.0,-0.49999973499200434,0.0005147892044643498,0.0,5.289040039269111e-07,0.0005629601587502087,0.0
73.51999999999937,3.44470019242893,3.9990310338867583,0.0,-0.49999978080744745,0.00046817999232451335,0.0,-2.863465194125059e-07,-0.00029130757587397804,0.0
73.67999999999937,3.3647002342303587,3.9991128154668103,0.0,-0.49999973874107206,0.0005111348753250589,0.0,2.629148461441577e-07,0.0002684680187534094,0.0
73.84999999999937,3.2797002761413903,3.999197224433031,0.0,-0.49999975346452014,0.000496523330709643,0.0,-8.660851806971566e-08,-8.595026244362295e-05,0.0
74.00999999999937,3.1997003201921217,3.9992811774860497,0.0,-0.4999997246829285,0.0005247065813673846,0.0,1.7988494756260298e-07,0.0001761453166108851,0.0
74.16999999999936,3.119700364299487,3.999365184488844,0.0,-0.4999997243289672,0.0005250437674630959,0.0,2.2122581544437026e-09,2.1074130981957317e-06,0.0
74.32999999999936,3.0397004122850837,3.9994528069355155,0.0,-0.49999970009002026,0.0005476402916981815,0.0,1.5149341850428932e-07,0.00014122827646928515,0.0
74.48999999999936,2.959700462442331,3.999542390176351,0.0,-0.49999968651720517,0.0005598952552227088,0.0,8.483009433790656e-08,7.659352202829539e-05,0.0
74.63999999999936,2.8847005138123882,3.9996301711879476,0.0,-0.49999965753295095,0.0005852067439763668,0.0,1.9322836145955574e-07,0.00016874325835772048,0.0
74.79999999999936,2.804700574041344,3.9997283375231283,0.0,-0.49999962356902516,0.0006135395948791977,0.0,2.122745361432532e-07,0.00017708031814269305,0.0
74.95999999999935,2.7247006444443613,3.9998344717673877,0.0,-0.499999559981143,0.0006633390266214123,0.0,3.9742426363731376e-07,0.0003112464483888411,0.0
75.11999999999935,2.644700736011515,3.9999555119930967,0.0,-0.4999994277052888,0.0007565014106813983,0.0,8.267240884929361e-07,0.0005822649003749125,0.0
75.27999999999935,2.5969529126922715,4.000110666453016,0.0,-0.29842389574527284,0.0009697153744936404,0.0,1.2598470747500998,0.0013325872738265132,0.0
75.43999999999934,2.5169531445519677,3.999918059346078,0.0,-0.4999985508768984,-0.0012037944183612703,0.0,-1.2598415945726595,-0.013584436205343192,0.0
75.59999999999934,2.478152905330075,4.0004531597583215,0.0,-0.24250149513682928,0.003344377576522395,0.0,1.6093565983754319,0.028426074968022907,0.0
75.75999999999934,2.5161398637572905,3.9995860201066615,0.0,0.23741849017009653,-0.005419622822874781,0.0,2.999499908168286,-0.05477500249623235,0.0
75.91999999999933,2.4773497740281707,4.000596345874062,0.0,-0.2424380608069987,0.006314536046250763,0.0,-2.9991034436068453,0.07333849293203465,0.0
76.08999999999934,2.5228054937306057,3.999396458584221,0.0,0.26738658648491176,-0.007058160528473176,0.0,2.998968513481826,-0.07866292102778787,0.0
76.24999999999933,2.4888141772057617,4.000297008190399,0.0,-0.21244572828027497,0.005628435038612656,0.0,-2.998951967282417,0.07929122229428645,0.0
76.40999999999933,2.5315958604388165,3.999161260133245,0.0,0.26738552020659223,-0.007098425357213167,0.0,2.99894530304292,-0.0795428774739114,0.0
76.56999999999933,2.4976045904041477,4.0000635617692915,0.0,-0.21244543771667956,0.005639385225289506,0.0,-2.9989434870204486,0.07961131614064171,0.0
76.72999999999932,2.5302638495557126,3.999196744528891,0.0,0.20412036969728042,-0.005417607752503106,0.0,2.60353629633725,-0.06910620611120383,0.0
76.88999999999932,2.4861501455558157,4.0003676046290595,0.0,-0.2757106499993556,0.0073178756260533495,0.0,-2.998943873103975,0.07959677111597785,0.0
77.04999999999932,2.51880940389672,3.999500756845869,0.0,0.20412036463065275,-0.005417798644941074,0.0,2.9989438414375518,-0.07959796419371515,0.0
77.20999999999931,2.4746957003027155,4.000671632238443,0.0,-0.27571064746252927,0.0073179712035853495,0.0,-2.9989438255823875,0.07959856155329015,0.0
77.36999999999931,2.5073549586058026,3.999804783030454,0.0,0.2041203643942946,-0.005417807549928932,0.0,2.998943824105149,-0.07959861720946426,0.0
77.5299999999993,2.4632412550225324,4.000975658827458,0.0,-0.2757106473954385,0.0073179737312745186,0.0,-2.9989438236858317,0.07959863300752157,0.0
77.6899999999993,2.4959005133223746,4.000108809497217,0.0,0.2041203643740136,-0.0054178083140066224,0.0,2.9989438235590753,-0.07959863778300713,0.0
77.8499999999993,2.4972943301319113,4.000071814469611,0.0,0.008711355059604076,-0.00023121892253619158,0.0,-1.2213063082150595,0.03241618369669019,0.0
78.0099999999993,2.5103110697708035,3.999726321401766,0.0,0.0813546227430767,-0.002159331674031484,0.0,0.45402042302170387,-0.012050704696845577,0.0
78.16999999999929,2.449708348760954,4.0013348516654315,0.0,-0.3787670063115589,0.01005331414790922,0.0,-2.8757601815914726,0.0763290363871294,0.0
78.32999999999929,2.4658785896581676,4.00090565770422,0.0,0.10106400560758455,-0.002682462257569407,0.0,2.9989438244946465,-0.07959860253424142,0.0
78.48999999999928,2.5458504249780387,3.9987830283038184,0.0,0.49982397074919416,-0.013266433752512352,0.0,2.49224978213506,-0.06614982184339341,0.0
78.65999999999929,2.5441510234774904,3.9988281341785377,0.0,-0.009996479414989757,0.0002653286748193337,0.0,-2.998943824495199,0.0795986025137158,0.0
78.81999999999928,2.4657786248640168,4.000908310990926,0.0,-0.48982749133421044,0.013001105077428687,0.0,-2.998943824495129,0.07959860251630846,0.0
78.97999999999928,2.4641791881576194,4.000950763578935,0.0,-0.009996479414983717,0.0002653286750531336,0.0,2.998943824495167,-0.07959860251484721,0.0
79.13999999999928,2.5393527133582983,3.9989554919425623,0.0,0.469834532504243,-0.012470447727327971,0.0,2.998943824495167,-0.0795986025148819,0.0
79.29999999999927,2.537753276651901,3.9989979445305703,0.0,-0.009996479414983717,0.00026532867505035806,0.0,-2.998943824495167,0.07959860251486456,0.0
79.45999999999927,2.459380878038427,4.0010781213429585,0.0,-0.48982749133421044,0.013001105077425912,0.0,-2.998943824495167,0.07959860251484721,0.0
79.61999999999927,2.379403058100546,3.999194423388442,0.0,-0.49986137461175695,-0.011773112215726633,0.0,-0.06271177048466567,-0.1548388580822034,0.0
79.77999999999926,2.299429035230681,4.00123296846038,0.0,-0.4998376429366569,0.012740906699612586,0.0,0.00014832296937536404,0.15321261822087012,0.0
79.94999999999926,2.2581698911068124,3.9925902428621285,0.0,-0.24270084778746207,-0.05083956234265731,0.0,1.5125693832305578,-0.37400275907217584,0.0
80.10999999999926,2.295834719282488,3.9912716686096097,0.0,0.23540517609797196,-0.008241089078242503,0.0,2.9881626492839626,0.26624045790259254,0.0
80.27999999999926,2.3806745716804287,3.9964869773344693,0.0,0.4990579552820046,0.030678286616821447,0.0,1.5508987010825448,0.22893750408861147,0.0
80.43999999999926,2.460670356166741,3.9973082351621136,0.0,0.49997365303945107,0.005132861422776913,0.0,0.005723110984040547,-0.15965890746277833,0.0
80.59999999999926,2.540245490895647,4.00554218517875,0.0,0.4973445920556624,0.05146218760397614,0.0,-0.016431631148679238,0.28955828863249516,0.0
80.75999999999925,2.5435727187929973,4.004583926331003,0.0,0.020795174358440027,-0.005989117798416155,0.0,-2.9784338606076397,-0.3590706587649518,0.0
80.91999999999925,2.623572559803702,4.004424432563027,0.0,0.4999990063169035,-0.0009968360498491258,0.0,2.9950239497403968,0.03120176092854393,0.0
81.07999999999925,2.7035723994770784,4.004264269414842,0.0,0.49999899795860336,-0.0010010196761611745,0.0,-5.223937601939177e-08,-2.6147664450304475e-05,0.0
81.23999999999924,2.7835722437638166,4.004106427412613,0.0,0.49999902679211394,-0.0009865125139285613,0.0,1.8020944111962756e-07,9.06697639538323e-05,0.0
81.39999999999924,2.8635720890397924,4.003949087589507,0.0,0.4999990329748488,-0.0009833738944142745,0.0,3.864209299764276e-08,1.9616371964292778e-05,0.0
81.55999999999923,2.9435719376056686,4.003793429512782,0.0,0.499999053536726,-0.0009728629795313637,0.0,1.2851173250560954e-07,6.569321801819239e-05,0.0
81.71999999999923,3.0235717880988626,4.003638765145225,0.0,0.49999906558246265,-0.0009666522972295866,0.0,7.528585393989928e-08,3.881676438610704e-05,0.0
81.87999999999923,3.103571641429601,4.003485575523081,0.0,0.4999990833171153,-0.0009574351383989654,0.0,1.1084157897078839e-07,5.7607242691382066e-05,0.0
82.03999999999922,3.1835714971020757,4.00333361374089,0.0,0.49999909795296615,-0.0009497611386966032,0.0,9.147406790366297e-08,4.7962498139764165e-05,0.0
82.20999999999923,3.268571346826744,4.003173780128,0.0,0.49999911602746017,-0.0009401977228814594,0.0,1.0632055301522146e-07,5.625538714790467e-05,0.0
82.37999999999923,3.353571199428882,4.003015484155828,0.0,0.4999991329537532,-0.0009311527774822619,0.0,9.95664296108684e-08,5.320556117174969e-05,0.0
82.53999999999922,3.433571063469362,4.00286799346206,0.0,0.4999991502529999,-0.0009218168360469736,0.0,1.0812029188622674e-07,5.834963397055191e-05,0.0
82.69999999999922,3.5135709302230294,4.002721981834342,0.0,0.4999991672104215,-0.0009125726732395201,0.0,1.0598388486271482e-07,5.777601754658468e-05,0.0
82.85999999999922,3.5935707998164537,4.002577534490706,0.0,0.49999918495890194,-0.0009027958977225747,0.0,1.1092800289436155e-07,6.110484698090834e-05,0.0
83.01999999999921,3.673570672268862,4.00243467932499,0.0,0.49999920282755295,-0.0008928447857270427,0.0,1.1167906877052047e-07,6.219444997207502e-05,0.0
83.17999999999921,3.7535705476734402,4.002293487073242,0.0,0.49999922127861307,-0.000882451573425147,0.0,1.153191257763364e-07,6.495757688684822e-05,0.0
83.33999999999921,3.8335704260844548,4.002154008677514,0.0,0.4999992400688408,-0.0008717399733015885,0.0,1.1743892316951055e-07,6.694750077224088e-05,0.0
83.4999999999992,3.9135703075891093,4.002016316117008,0.0,0.49999925940409085,-0.0008605785031590152,0.0,1.208453129231124e-07,6.975918839108308e-05,0.0
83.6599999999992,3.99357019226341,4.001880477615169,0.0,0.49999927921438037,-0.0008489906364983479,0.0,1.2381430949948147e-07,7.242416662917028e-05,0.0
83.8199999999992,4.073570080201353,4.001746574976937,0.0,0.4999992996121444,-0.0008368914889478329,0.0,1.2748602520873398e-07,7.561967219071875e-05,0.0
83.9799999999992,4.153569971498055,4.001614694289032,0.0,0.49999932060438845,-0.0008242542994085778,0.0,1.3120152533852014e-07,7.898243462034493e-05,0.0
84.13999999999919,4.23356986626242,4.001484934162105,0.0,0.4999993422772797,-0.0008110007932937702,0.0,1.354555703714233e-07,8.283441321754736e-05,0.0
84.29999999999919,4.313569764611486,4.001357403228356,0.0,0.4999993646816636,-0.000797068335928186,0.0,1.4002739939789066e-07,8.70778585349008e-05,0.0
84.45999999999918,4.393569666677068,4.001232225365184,0.0,0.49999938790988296,-0.0007823616448243698,0.0,1.451763709248155e-07,9.191681939885177e-05,0.0
84.61999999999918,4.473569572605334,4.001109540938421,0.0,0.499999412051666,-0.0007667776672715121,0.0,1.5088614385705412e-07,9.739985970536047e-05,0.0
84.78999999999918,4.558569477198761,4.000982186675452,0.0,0.49999943878486264,-0.0007491427233480612,0.0,1.5725409797858158e-07,0.00010373496425559347,0.0
84.94999999999918,4.638569391624546,4.000865174423752,0.0,0.499999465161155,-0.0007313265731223595,0.0,1.6485182732783876e-07,0.00011135093891063565,0.0
85.10999999999918,4.718569310507813,4.000751250455054,0.0,0.4999994930204199,-0.0007120248043612776,0.0,1.7412040559383613e-07,0.00012063605475676198,0.0
85.26999999999917,4.798569234095682,4.000640679504766,0.0,0.49999952242418266,-0.0006910684393013344,0.0,1.837735172371957e-07,0.00013097728162464461,0.0
85.42999999999917,4.878569162705433,4.000533803713555,0.0,0.4999995538109425,-0.0006679736950676585,0.0,1.96167249111312e-07,0.0001443421514604748,0.0
85.58999999999916,4.9585690967116935,4.000431046748028,0.0,0.49999958753912943,-0.0006422310345421955,0.0,2.1080116818783523e-07,0.00016089162828414327,0.0
85.74999999999916,5.03856903659992,4.0003329759570425,0.0,0.4999996243014171,-0.0006129424436618347,0.0,2.297642978654757e-07,0.00018305369300225527,0.0
85.90999999999916,5.118568983006455,4.000240374922604,0.0,0.49999966504084004,-0.0005787564652415256,0.0,2.54621393414034e-07,0.00021366236512693204,0.0
86.06999999999915,5.198568936839261,4.000154428725645,0.0,0.4999997114550403,-0.000537163730990331,0.0,2.9008875163105685e-07,0.00025995458906996616,0.0
86.22999999999915,5.278568899527968,4.000077164208438,0.0,0.4999997668044154,-0.00048290323254596146,0.0,3.459335942701536e-07,0.00033912811527730957,0.0
86.38999999999915,5.358568873860703,4.000013080187742,0.0,0.4999998395795957,-0.0004005251293515144,0.0,4.5484487704028354e-07,0.0005148631449652941,0.0
86.54999999999914,5.377449775921327,3.9534441684112482,0.0,0.1180056378788985,-0.2910556986030849,0.0,-2.3874637606293576,-1.8165948342108336,0.0
86.70999999999914,5.342991368356528,3.881245704798106,0.0,-0.21536504727999173,-0.4512403975821394,0.0,-2.083566782243064,-1.0011543686190907,0.0
86.87999999999914,5.328551617738485,3.7974811920132234,0.0,-0.08493970951789824,-0.49273242814636764,0.0,0.7672078691887851,-0.24407076802487193,0.0
87.03999999999914,5.300191983627908,3.722676572148444,0.0,-0.17724771319110877,-0.4675288741548711,0.0,-0.5769250229575658,0.15752221244685338,0.0
87.19999999999914,5.281209994598657,3.644961167674856,0.0,-0.11863743143281646,-0.4857212779599246,0.0,0.3663142609893269,-0.11370252378158432,0.0
87.35999999999913,5.256119825546093,3.568997469654593,0.0,-0.1568135565785278,-0.4747731126266447,0.0,-0.23860078216069586,0.06842603333299946,0.0
87.51999999999913,5.234998055565786,3.4918361397483566,0.0,-0.13201106237691884,-0.4822583119139773,0.0,0.155015588760056,-0.04678249554582875,0.0
87.67999999999913,5.211258859961527,3.4154394736426767,0.0,-0.14836997252661854,-0.4774791631604991,0.0,-0.10224318843562313,0.029869679709238622,0.0
87.83999999999912,5.1892552792699895,3.3385249598188804,0.0,-0.1375223793221081,-0.48071571139872704,0.0,0.06779745752819033,-0.020228426488924645,0.0
87.99999999999912,5.16608404942227,3.261954116103115,0.0,-0.14482018654824458,-0.4785677732235344,0.0,-0.04561129516335305,0.013424613594954088,0.0
88.16999999999912,5.142362900061245,3.180331159326287,0.0,-0.13953617271191165,-0.4801350398636932,0.0,0.031082434331370135,-0.009219215530346037,0.0
88.32999999999912,5.119385381866448,3.1037019634698266,0.0,-0.14360948871748325,-0.47893247410287776,0.0,-0.02545822503482245,0.0075160360050965935,0.0
88.48999999999911,5.096873038345138,3.02693481952674,0.0,-0.14070214700818706,-0.4797946496442912,0.0,0.018170885683101157,-0.005388597133833967,0.0
88.65999999999912,5.072564595470076,2.9454848372984435,0.0,-0.1429908404415435,-0.4791175425193916,0.0,-0.013462902549155543,0.00398298308764471,0.0
88.81999999999911,5.050007395845808,2.8687308618632197,0.0,-0.14098249765167603,-0.4797123464701486,0.0,0.012552142436671708,-0.003717524692231286,0.0
88.98999999999911,5.025723762137558,2.787273479546308,0.0,-0.14284490416617604,-0.4791610724524223,0.0,-0.010955332438235347,0.0032427883395665345,0.0
89.14999999999911,5.003248359618129,2.710495512123422,0.0,-0.140471265746428,-0.47986229639303546,0.0,0.014835240123425332,-0.004382649628832322,0.0
89.3099999999991,4.950500312968219,2.7042994617710527,0.0,-0.3296752915619372,-0.03872531470230922,0.0,-1.1825251613469325,2.7571061355670388,0.0
89.4699999999991,4.886722842215086,2.752594743365979,0.0,-0.39860919220708335,0.3018455099682904,0.0,-0.43083687903216344,2.1285676541912477,0.0
89.6299999999991,4.812106429662275,2.781445930130974,0.0,-0.4663525784550704,0.18031991728121866,0.0,-0.423396164049919,-0.7595349542941984,0.0
89.7899999999991,4.743635094098895,2.822818338885688,0.0,-0.4279458472711217,0.25857755471696,0.0,0.24004206989967913,0.48911023397338327,0.0
89.9599999999991,4.666525448173233,2.858582881455375,0.0,-0.45358615250389633,0.2103796621746312,0.0,-0.15082532489867415,-0.2835170149548752,0.0
90.1299999999991,4.592703550582936,2.900717516094442,0.0,-0.4342464564135111,0.24785079199451157,0.0,0.11376291817873656,0.22041841070517867,0.0
90.2899999999991,4.521251844720444,2.936698813032434,0.0,-0.44657316164057326,0.22488310586245008,0.0,-0.07704190766913838,-0.1435480383253843,0.0
90.4599999999991,4.446924765401374,2.9779357537518507,0.0,-0.43721811364158697,0.2425702395259802,0.0,0.05502969411168404,0.10404196272664772,0.0
90.6199999999991,4.376152851128932,3.015236372382298,0.0,-0.4423244642027646,0.2331288664402964,0.0,-0.03191469100736026,-0.05900858178552373,0.0
90.77999999999909,4.306111903841737,3.053892105503174,0.0,-0.4377559205449688,0.24159833200547431,0.0,0.02855339786122374,0.05293415978236196,0.0
90.93999999999909,4.23584708004553,3.0921393869345115,0.0,-0.4391551487262946,0.2390455089458593,0.0,-0.008745176133286015,-0.015955144122593856,0.0
91.10999999999909,4.161635000630146,3.1335829300847395,0.0,-0.4365416436199045,0.24378554794251778,0.0,0.015373559449353407,0.027882582333285173,0.0
91.26999999999909,4.0917855946431505,3.17258370550349,0.0,-0.43655878741872267,0.24375484636718903,0.0,-0.00010714874261359697,-0.00019188484580469345,0.0
91.42999999999908,4.02222904222074,3.212104409129671,0.0,-0.4347284526400652,0.24700439766363325,0.0,0.01143959236660913,0.020309695602776373,0.0
91.58999999999908,3.952800008749632,3.251848708233665,0.0,-0.43393145919442544,0.24840186939996123,0.0,0.004981209035248568,0.008734198352049888,0.0
91.74999999999908,3.8836288939916495,3.2920402108572047,0.0,-0.4323194672373909,0.25119689139712353,0.0,0.010074949731465888,0.01746888748226441,0.0
91.90999999999907,3.814661435056558,3.332580186289319,0.0,-0.4310466183443218,0.25337484645071573,0.0,0.007955305581681948,0.013612219084951221,0.0
92.06999999999907,3.745966131566183,3.3735796408999024,0.0,-0.4293456468148438,0.2562465913161449,0.0,0.010631072059237578,0.01794840540893239,0.0
92.22999999999907,3.677538448794117,3.4150242090656526,0.0,-0.4276730173254112,0.25902855103593914,0.0,0.010453934308953666,0.017387248248713905,0.0
92.38999999999906,3.6094284031087187,3.4569887378576327,0.0,-0.4256877855337404,0.2622783049498756,0.0,0.012407698697942254,0.020310961962102803,0.0
92.54999999999906,3.5416601684080873,3.499503045632312,0.0,-0.4235514668789464,0.26571442359174524,0.0,0.013351991592462642,0.021475741511685353,0.0
92.70999999999906,3.474287485276534,3.5426414457840947,0.0,-0.4210792695722082,0.269615000948642,0.0,0.015451233167113748,0.02437860848060469,0.0
92.86999999999905,3.4073618167018265,3.5864701451240064,0.0,-0.41828542859192186,0.27392937087444835,0.0,0.01746150612678965,0.026964812036289754,0.0
93.02999999999905,3.3409602582986215,3.631088897253865,0.0,-0.4150097400200309,0.27886720081161664,0.0,0.02047305357431861,0.030861437107301826,0.0
93.19999999999905,3.2711079276307142,3.6795208278395988,0.0,-0.4108960627523959,0.28489370932784525,0.0,0.02419810157432357,0.03545005009546236,0.0
93.35999999999905,3.2061319111657216,3.7261911319348267,0.0,-0.4061001029062039,0.29168940059517423,0.0,0.02997474903869979,0.042473070420806155,0.0
93.51999999999904,3.1421208754241348,3.7741764140876835,0.0,-0.40006897338491776,0.299908013455355,0.0,0.03769455950803843,0.05136633037612984,0.0
93.67999999999904,3.07939702245781,3.823832413413635,0.0,-0.3920240810395298,0.3103499957871958,0.0,0.05028057715867479,0.06526238957400496,0.0
93.83999999999904,3.018525120937653,3.875742061893665,0.0,-0.3804493845009804,0.3244353030001895,0.0,0.07234185336593354,0.08803317008121078,0.0
93.99999999999903,2.96073759137823,3.9310647645338905,0.0,-0.3611720597463952,0.34576689150140894,0.0,0.12048327971615758,0.13332242813262132,0.0
94.15999999999903,2.910158262489268,3.993046467391607,0.0,-0.3161208055560111,0.38738564286072696,0.0,0.28157033868990083,0.2601171959957377,0.0
94.31999999999903,2.929100338058278,4.0223936130715225,0.0,0.11838797230631082,0.18341966049947311,0.0,2.715679861639512,-1.2747873897578366,0.0
94.47999999999902,3.008915364016672,4.016956552168713,0.0,0.49884391223996294,-0.03398163064255999,0.0,2.3778496245853256,-1.3587580696377068,0.0
94.62999999999903,3.0839153618927257,4.016938703024878,0.0,0.4999999858403589,-0.00011899429223305447,0.0,0.0077071573359729,0.2257509090021796,0.0
94.78999999999903,3.1638528978768914,4.013777952990439,0.0,0.49960959990103526,-0.019754687715245467,0.0,-0.002439912120772575,-0.12272308389382758,0.0
94.94999999999902,3.2438472438890904,4.012826845172891,0.0,0.49996466257624383,-0.005944423859671755,0.0,0.00221914172005358,0.0863141490973357,0.0
95.10999999999902,3.323811659174067,4.010440993515341,0.0,0.49977759553110346,-0.014911572859688249,0.0,-0.001169169032127354,-0.05604468125010309,0.0
95.26999999999902,3.403801279251359,4.00915231982101,0.0,0.4999351254830753,-0.008054210589569788,0.0,0.0009845621998239018,0.04285851418824038,0.0
95.42999999999901,3.483777058942205,4.007183903492773,0.0,0.4998486230677862,-0.012302602051478262,0.0,-0.0005406400955566826,-0.026552446636927962,0.0
95.58999999999901,3.56376566662326,4.005833851180389,0.0,0.4999287980065964,-0.008437826952401029,0.0,0.0005010933675636542,0.02415484436923271,0.0
95.749999999999,3.643747920176717,4.00414888337341,0.0,0.4998890847091042,-0.010531048793621656,0.0,-0.0002482081093262145,-0.01308263650762892,0.0
95.909999999999,3.723738215472602,4.002902826200915,0.0,0.49993934559928177,-0.007787857328089842,0.0,0.0003141305636097935,0.017144946659573834,0.0
96.069999999999,3.803725583431219,4.001481218993265,0.0,0.49992104974135587,-0.008885045047812845,0.0,-0.0001143491120368656,-0.006857423248268768,0.0
96.229999999999,3.8837203591433407,4.000566965873334,0.0,0.49996734820076105,-0.005714081999569354,0.0,0.0002893653712823796,0.01981851905152182,0.0
96.38999999999899,3.9637124047914614,3.999438855493562,0.0,0.49995028530075425,-0.00705068987357782,0.0,-0.00010664312504252149,-0.008353799212552915,0.0
96.54999999999899,3.9669064647175243,3.9988669726163435,0.0,0.01996287453789325,-0.0035742679826145096,0.0,-2.9999213172678814,0.02172763681852069,0.0
96.71999999999899,3.883602618928672,3.9989131960526714,0.0,-0.4900226222873658,0.0002719025666345566,0.0,-2.999914687207406,0.022624532642641564,0.0
96.87999999999899,3.8036026444955597,3.9989771546439803,0.0,-0.4999998402069522,0.0003997411956807584,0.0,-0.062357611997414936,0.0007989914315387613,0.0
97.03999999999898,3.7236026619346805,3.9990299775463773,0.0,-0.49999989100549536,0.00033014313998158684,0.0,-3.1749089468569025e-07,-0.00043498784811982216,0.0
97.20999999999898,3.6386026870537886,3.9990953246789327,0.0,-0.49999985224054017,0.00038439489738440564,0.0,2.2802914817814508e-07,0.0003191279847224635,0.0
97.36999999999898,3.558602707121912,3.9991519894774874,0.0,-0.4999998745742279,0.00035415499096691505,0.0,-1.395855483282693e-07,-0.0001889994151093162,0.0
97.52999999999898,3.4786027304412195,3.9992130721150834,0.0,-0.49999985425432936,0.00038176648497478816,0.0,1.2699936588478344e-07,0.0001725718375492069,0.0
97.69999999999898,3.3936027540271496,3.9992763935772637,0.0,-0.49999986125923446,0.0003724791892962036,0.0,-4.120532412009518e-08,-5.4631151050497386e-05,0.0
97.85999999999898,3.3136027783626854,3.9993387929770994,0.0,-0.49999984790290164,0.0003899962489728459,0.0,8.347708010947308e-08,0.00010948162297901441,0.0
98.01999999999897,3.233602802708,3.999401204913125,0.0,-0.49999984784178386,0.0003900746001594957,0.0,3.819861094100929e-10,4.896949165611453e-07,0.0
98.18999999999897,3.148602830473244,3.9994699078291234,0.0,-0.4999998366750357,0.0004041347999910313,0.0,6.56867537487132e-08,8.270705783256254e-05,0.0
98.34999999999897,3.068602857413734,3.999535562057711,0.0,-0.4999998316219362,0.00041033892867192723,0.0,3.158187218688102e-08,3.877580425559941e-05,0.0
98.50999999999897,2.988602886306401,3.9996035534238215,0.0,-0.49999981942083216,0.00042494603819109855,0.0,7.625690010004682e-08,9.129443449482078e-05,0.0
98.67999999999897,2.9036029190599173,3.9996781731045026,0.0,-0.4999998073322566,0.0004389392981242386,0.0,7.110926814699863e-08,8.231329372435338e-05,0.0
98.83999999999897,2.823602953011701,3.9997518771354654,0.0,-0.4999997878013529,0.00046065019351781977,0.0,1.2206814795079346e-07,0.00013569309620988215,0.0
98.99999999999896,2.743602991151013,3.9998299942811104,0.0,-0.4999997616292995,0.00048823216028115457,0.0,1.635753338335988e-07,0.00017238729227084248,0.0
99.15999999999896,2.6636030375255917,3.9999161332992963,0.0,-0.49999971015888267,0.0005383688636617645,0.0,3.216901051095178e-07,0.0003133543961288121,0.0
99.31999999999896,2.5836031092293203,4.000023243483008,0.0,-0.49999955185169587,0.000669438648195908,0.0,9.894199175242147e-07,0.0008191861533383971,0.0
99.47999999999895,2.50360317154544,3.999923390715041,0.0,-0.49999961052425157,-0.0006240797997908443,0.0,-3.667034731424934e-07,-0.008084490299917202,0.0
99.63999999999895,2.5004022589405888,4.000210509406887,0.0,-0.02000570378032085,0.001794491824039235,0.0,2.999961917149567,0.015116072648937995,0.0
99.80999999999895,2.500457881013844,3.998780220508018,0.0,0.0003271886662074596,-0.008413464110995965,0.0,0.11960524968546063,-0.06004679961785411,0.0
99.97999999999895,2.497772393302547,4.006831748200883,0.0,-0.0157969865370422,0.04736192760508556,0.0,-0.09484808943088036,0.3280905395063619,0.0
100.13999999999895,2.510694250301063,3.9673064523622754,0.0,0.0807616062407257,-0.247033098991295,0.0,0.6034912048610493,-1.8399689162273785,0.0
